T1,Lat,Long,T2,Lat,Long,T3,Lat,Long,T4,Lat,Long,T5,Lat,Long,T6,Lat,Long
Gympie North,,,Kippa-Ring,,,Doomben,,,Shorncliffe ,,,Domestic Airport ,,,Ferny Grove,,
Traveston,,,Rothwell,,,Ascot,,,Sandgate,,,International Airport,,,Keperra,,
Cooran,,,Mango Hill East,,,Hendra,,,Deagon,,,Eagle Junction,,,Grovely,,
Pomona,,,Mango Hill,,,Clayfield,,,North Boondall,,,Wooloowin,,,Oxford Park,,
Cooroy,,,Murrumba Downs,,,Eagle Junction,,,Boondall,,,Albion,,,Mitchelton,,
Eumundi,,,Kallangur,,,Wooloowin,,,Nudgee,,,Bowen Hills,,,Gaythorne,,
Yandina,,,Lawnton,,,Albion,,,Banyo,,,Fortitude Valley,,,Enoggera,,
Nambour,,,Bray Park,,,Bowen Hills,,,Bindha,,,Brisbane Central,,,Alderley,,
Woombye,,,Strathpine,,,Fortitude Valley,,,Northgate,,,from here it turns into the Gold Coast line,,,Newmarket,,
Palmwoods,,,Bald Hills,,,Brisbane Central ,,,Nundah,,,Roma Street,,,Wilston,,
Eudlo,,,Carseldine,,,Roma Street,,,Toombul,,,South Brisbane,,,Windsor,,
Mooloolah,,,Zillmere,,,,,,Eagle Junction,,,South Bank,,,Bowen Hills,,
Landsborough,,,Geebung,,,,,,Wooloowin,,,Boggo Road,,,Fortitude Valley,,
Beerwah,,,Sunshine,,,,,,Albion? Bowen Hills,,,Altandi,,,Brisbane Central,,
Glasshouse Mountains,,,Virginia,,,,,,Fortitude Valley,,,Loganlea,,,from here it turns into the Beenleigh Line,,
Beerburrum,,,Northgate,,,,,,Brisbane Central,,,Beenleigh,,,Roma Street,,
Elimbah ,,,Eagle Junction,,,,,,From here it turns into the Cleveland line,,,Ormeau,,,South Brisbane,,
Caboolture,,,Bowen Hills,,,,,,Roma Street,,,Pimpama,,,South Bank,,
from here it continues on the Caboolture/Sunshine Coast line from Caboolture,,,Fortitude Valley,,,,,,South Brisbane,,,Coomera,,,Boggo Road,,
Morayfield,,,Brisbane Central,,,,,,South Bank,,,Hope Island,,,Dutton Park,,
Burpengary,,,from here it continues on the Springfield line,,,,,,Boggo Road,,,Helensvale,,,Fairfield,,
Narangba,,,Roma Street,,,,,,Buranda,,,Nerang,,,Yeronga,,
Dakabin,,,Milton,,,,,,Coorparoo,,,Robina,,,Yeerongpilly,,
Petrie,,,Auchenflower,,,,,,Norman Park,,,Varsity Lakes,,,Moorooka,,
Northgate,,,Toowong,,,,,,Morningside,,,,,,Rocklea,,
Eagle Junction,,,Taringa,,,,,,Cannon Hill,,,,,,Salisbury,,
Bowen Hills,,,Indooroopilly,,,,,,Murarrie,,,,,,Coopers Plains,,
Fortitude Valley,,,Chelmer,,,,,,Hemmant,,,,,,Banoon,,
Brisbane Central,,,Graceville,,,,,,Lindum,,,,,,Sunnybank,,
from here it continues on the Ipswich/Rosewood line from Brisbane Central,,,Sherwood,,,,,,Wynnum North,,,,,,Altandi,,
Roma Street,,,Corinda,,,,,,Wynnum,,,,,,Runcorn,,
Milton,,,Oxley,,,,,,Wynnum Central,,,,,,Fruitgrove,,
Auchenflower,,,Darra,,,,,,Manly,,,,,,Kuraby,,
Toowong,,,Richlands,,,,,,Lota,,,,,,Trinder Park,,
Taringa,,,Springfield,,,,,,Thorneside,,,,,,Woodridge,,
Indooroopilly,,,Springfield Central,,,,,,Birkdale,,,,,,Kingston,,
Chelmer,,,,,,,,,Wellington Point,,,,,,Loganlea,,
Graceville,,,,,,,,,Ormiston,,,,,,Bethania,,
Sherwood,,,,,,,,,Cleveland,,,,,,Edens Landing,,
Corinda,,,,,,,,,,,,,,,Holmview ,,
Oxley,,,,,,,,,,,,,,,Beenleigh,,
Darra,,,,,,,,,,,,,,,,,
Wacol,,,,,,,,,,,,,,,,,
Gailes,,,,,,,,,,,,,,,,,
Goodna,,,,,,,,,,,,,,,,,
Redbank,,,,,,,,,,,,,,,,,
Riverview,,,,,,,,,,,,,,,,,
Dinmore,,,,,,,,,,,,,,,,,
Ebbw Vale,,,,,,,,,,,,,,,,,
Bundamba,,,,,,,,,,,,,,,,,
Booval,,,,,,,,,,,,,,,,,
East Ipswich,,,,,,,,,,,,,,,,,
Ipswich ,,,,,,,,,,,,,,,,,
Thomas Street,,,,,,,,,,,,,,,,,
Wulkuraka,,,,,,,,,,,,,,,,,
Karrabin,,,,,,,,,,,,,,,,,
Walloon,,,,,,,,,,,,,,,,,
Thagoona ,,,,,,,,,,,,,,,,,
Rosewood,,,,,,,,,,,,,,,,,
